label,target,branch_id,signed_target_enrich,decoy_enrich,anti_score,cmplog_target_frac,naive_target_frac,cmplog_decoy_frac,naive_decoy_frac,gate_width,gate_offsets,n_w_seeds,n_l_seeds,cmplog_corpus_n,naive_corpus_n,skip
anti,harfbuzz,5311,,,,,,,,,,19,10,,,no_gate_signature
anti,harfbuzz,5391,-1.66,5.699,7.359,0.10301,0.29035,0.50728,0.00305,17,1 2 5 6 7 8 9 10 11 12 13 15 17 25 27 36 80,4,10,8000,8000,
anti,harfbuzz,5723,-0.447,1.011,1.458,0.24278,0.40793,0.00868,0.00341,13,89 92 93 97 99 101 104 105 108 109 110 111 113,10,10,6669,2547,
anti,harfbuzz,5802,-0.619,-0.169,0.45,0.00257,0.00526,0.33061,0.41089,11,66 70 74 75 87 94 98 104 113 117 119,3,28,7076,4056,
anti,harfbuzz,5810,-1.217,-0.512,0.704,0.00094,0.0022,0.2879,0.41069,1,115,12,10,6353,1366,
anti,harfbuzz,5812,-0.884,1.648,2.532,0.21556,0.39794,0.09007,0.02716,3,79 95 128,10,10,6839,3130,
anti,harfbuzz,5815,-1.638,-0.362,1.275,0.00805,0.02505,0.354,0.45511,1,154,10,10,5839,479,
anti,harfbuzz,5831,-0.882,2.64,3.521,0.21128,0.37989,0.02926,0.00302,29,71 76 89 96 104 111 159 160 161 162 163 164 165 168 169 171 172 173 175 176 177 180 181 182 183 184 185 186 187,12,9,6971,3660,
anti,harfbuzz,5844,-0.713,0.0,0.713,0.24059,0.39445,0.0,0.0,1,75,12,10,6908,3387,
anti,harfbuzz,5866,-1.217,-0.512,0.704,0.00094,0.0022,0.2879,0.41069,1,115,13,10,6353,1366,
anti,harfbuzz,5881,-0.475,0.718,1.192,0.24479,0.39641,0.00741,0.00152,9,141 142 143 144 145 146 147 148 149,10,10,6032,695,
anti,harfbuzz,5885,-0.393,0.932,1.325,0.00408,0.00348,0.0195,0.00473,36,141 142 143 144 145 146 147 148 149 150 151 152 153 154 155 156 157 158 159 162 163 167 169 170 172 173 174 176 177 178 179 180 181 184 185 187,10,10,6032,695,
anti,harfbuzz,5913,-0.363,0.238,0.6,0.33976,0.41014,0.01309,0.01146,12,100 103 118 126 130 134 135 138 139 142 153 154,10,10,6535,1999,
anti,harfbuzz,5920,-0.475,0.629,1.104,0.29873,0.41187,0.00701,0.00392,16,89 97 112 113 114 117 118 119 120 124 125 128 129 132 134 135,10,10,6669,2547,
anti,harfbuzz,5931,0.126,0.086,-0.039,0.28341,0.40201,0.0662,0.03075,6,80 94 115 121 126 154,10,10,6816,3052,
anti,harfbuzz,5934,0.216,-0.046,-0.262,0.33061,0.39794,0.02822,0.02916,9,60 76 80 84 87 94 95 112 113,4,6,7246,4831,
anti,harfbuzz,5938,-2.217,0.4,2.617,0.0003,0.00302,0.17604,0.38968,14,63 64 70 73 74 78 79 80 81 82 83 84 85 86,16,10,7131,4335,
anti,harfbuzz,5941,-0.393,1.286,1.68,0.24807,0.40778,0.02621,0.00423,30,3 80 96 99 100 101 104 105 108 113 117 125 126 129 132 133 134 135 137 139 141 142 143 144 145 146 147 148 149 150,10,10,7999,7989,
anti,harfbuzz,5947,-1.279,0.237,1.516,0.00559,0.00819,0.49068,0.29119,7,1 4 70 72 80 81 84,16,10,8000,8000,
anti,harfbuzz,5949,-1.339,1.569,2.908,0.00038,0.00075,0.84782,0.28917,5,1 4 16 20 21,4,10,8000,8000,
anti,harfbuzz,5954,,,,,,,,,,10,10,,,no_gate_signature
anti,harfbuzz,5967,0.756,-0.576,-1.332,0.00268,0.00532,0.29066,0.39673,7,144 152 153 160 168 185 188,5,10,5977,631,
anti,harfbuzz,5969,-1.094,-0.657,0.436,0.0029,0.01064,0.25719,0.39673,3,153 185 208,6,10,5853,489,
anti,harfbuzz,5972,-1.094,-0.657,0.436,0.0029,0.01064,0.25719,0.39673,3,153 185 208,6,10,5853,489,
anti,harfbuzz,5977,-0.365,0.464,0.829,0.22917,0.38895,0.01423,0.00877,48,66 67 68 92 93 103 108 113 114 115 116 120 124 125 126 128 130 131 132 133 134 135 136 137 138 139 141 142 143 144 145 146 147 148 149 150 151 152 153 154 155 156 159 160 161 162 163 164,11,10,7076,4056,
anti,harfbuzz,5983,-1.678,0.045,1.723,0.00365,0.01259,0.42623,0.41152,10,22 60 62 70 74 83 85 98 106 107,4,10,7899,7669,
anti,harfbuzz,5985,-0.549,-0.591,-0.041,0.00048,0.00086,0.23621,0.41949,5,107 121 122 123 133,4,10,6461,1714,
anti,harfbuzz,5991,-0.275,-0.154,0.121,0.1436,0.21016,0.13275,0.2236,2,107 133,7,10,6461,1714,
anti,harfbuzz,5992,-2.37,0.796,3.166,0.01978,0.01818,0.54012,0.31127,2,0 52,5,10,8000,8000,
anti,harfbuzz,5998,1.103,-0.475,-1.578,0.05496,0.02,0.26566,0.38,15,133 144 160 164 216 221 229 232 233 235 236 237 249 252 255,17,10,6142,866,
anti,harfbuzz,6037,8.481,-0.763,-9.244,0.00055,0.0,0.26306,0.36893,5,17 167 168 173 175,6,10,7958,7830,
anti,harfbuzz,6086,-1.092,0.335,1.427,0.00268,0.00442,0.46592,0.39022,19,9 16 18 24 30 34 38 39 40 42 43 46 54 56 60 64 66 68 70,10,10,7985,7945,
pro,harfbuzz,5203,2.704,-0.642,-3.346,0.19214,0.02627,0.32987,0.48425,3,6 11 114,6,20,7994,7969,
pro,harfbuzz,5208,3.496,-0.842,-4.338,0.35268,0.02788,0.28258,0.49951,2,6 11,20,20,7994,7969,
pro,harfbuzz,5222,3.496,-0.842,-4.338,0.35268,0.02788,0.28258,0.49951,2,6 11,20,20,7994,7969,
pro,harfbuzz,5225,3.496,-0.842,-4.338,0.35268,0.02788,0.28258,0.49951,2,6 11,20,20,7994,7969,
pro,harfbuzz,5228,3.496,-0.842,-4.338,0.35268,0.02788,0.28258,0.49951,2,6 11,20,20,7994,7969,
pro,harfbuzz,5232,3.496,-0.842,-4.338,0.35268,0.02788,0.28258,0.49951,2,6 11,20,20,7994,7969,
pro,harfbuzz,5292,4.288,-0.642,-4.93,0.51322,0.02627,0.32987,0.51478,1,11,20,20,7979,7918,
pro,harfbuzz,5334,4.409,-0.886,-5.296,0.02913,0.0018,0.23154,0.4118,27,11 12 14 19 23 31 35 39 56 64 98 105 130 140 141 153 154 155 156 157 163 164 166 167 173 174 175,7,10,7979,7918,
pro,harfbuzz,5389,3.496,-0.842,-4.338,0.35268,0.02788,0.28258,0.49951,2,6 11,20,20,7994,7969,
pro,harfbuzz,5392,3.181,-0.333,-3.514,0.09845,0.01493,0.43675,0.48815,2,3 6,20,20,7999,7989,
pro,harfbuzz,5437,2.704,-0.642,-3.346,0.19214,0.02627,0.32987,0.48425,3,6 11 114,6,20,7994,7969,
pro,harfbuzz,5438,2.704,-0.642,-3.346,0.19214,0.02627,0.32987,0.48425,3,6 11 114,6,20,7994,7969,
pro,harfbuzz,5478,2.704,-0.642,-3.346,0.19214,0.02627,0.27392,0.48425,3,6 11 99,7,20,7994,7969,
pro,harfbuzz,5481,2.704,-1.041,-3.745,0.19214,0.02949,0.2353,0.48425,1,6,10,20,7994,7969,
pro,harfbuzz,5484,2.704,-1.041,-3.745,0.19214,0.02949,0.2353,0.48425,1,6,16,20,7994,7969,
pro,harfbuzz,5492,1.979,-0.495,-2.475,0.114,0.02226,0.32438,0.4417,2,6 130,11,20,7994,7969,
pro,harfbuzz,5497,3.496,-0.842,-4.338,0.35268,0.02788,0.28258,0.49951,2,6 11,20,20,7994,7969,
pro,harfbuzz,5503,,,,,,,,,,40,10,,,no_gate_signature
pro,harfbuzz,5517,,,,,,,,,,40,10,,,no_gate_signature
pro,harfbuzz,5544,4.288,-0.642,-4.93,0.51322,0.02627,0.32987,0.51478,1,11,20,20,7979,7918,
pro,harfbuzz,5545,4.288,-0.642,-4.93,0.51322,0.02627,0.32987,0.51478,1,11,20,20,7979,7918,
pro,harfbuzz,5547,4.288,-0.642,-4.93,0.51322,0.02627,0.32987,0.51478,1,11,20,20,7979,7918,
pro,harfbuzz,5550,4.288,-0.642,-4.93,0.51322,0.02627,0.32987,0.51478,1,11,20,20,7979,7918,
pro,harfbuzz,5555,4.288,-0.642,-4.93,0.51322,0.02627,0.32987,0.51478,1,11,20,20,7979,7918,
pro,harfbuzz,5556,3.496,-0.842,-4.338,0.35268,0.02788,0.28258,0.49951,2,6 11,20,20,7994,7969,
pro,harfbuzz,5558,4.288,-0.642,-4.93,0.51322,0.02627,0.32987,0.51478,1,11,20,20,7979,7918,
pro,harfbuzz,5559,4.288,-0.642,-4.93,0.51322,0.02627,0.32987,0.51478,1,11,20,20,7979,7918,
pro,harfbuzz,5560,,,,,,,,,,10,20,,,no_gate_signature
pro,harfbuzz,5562,0.593,0.131,-0.462,0.03387,0.02246,0.4498,0.41089,1,98,3,20,6554,2093,
pro,harfbuzz,5565,0.266,-0.355,-0.621,0.02422,0.01801,0.33437,0.41158,12,6 11 95 98 99 102 106 107 110 114 115 118,6,20,7994,7969,
pro,harfbuzz,5567,4.288,-0.642,-4.93,0.51322,0.02627,0.32987,0.51478,1,11,20,20,7979,7918,
pro,harfbuzz,5589,2.704,-0.642,-3.346,0.19214,0.02627,0.27392,0.48425,3,6 11 99,7,20,7994,7969,
pro,harfbuzz,5694,2.704,-1.041,-3.745,0.19214,0.02949,0.2353,0.48425,1,6,20,20,7994,7969,
pro,harfbuzz,5697,4.288,-0.642,-4.93,0.51322,0.02627,0.32987,0.51478,1,11,20,20,7979,7918,
pro,harfbuzz,5716,4.288,-0.642,-4.93,0.51322,0.02627,0.32987,0.51478,1,11,20,20,7979,7918,
pro,harfbuzz,5727,2.704,-1.041,-3.745,0.19214,0.02949,0.2353,0.48425,1,6,20,20,7994,7969,
pro,harfbuzz,6236,-0.246,-2.681,-2.436,0.37123,0.4401,0.00393,0.02522,1,136,20,20,6104,793,
anti,openthread,13349,-0.73,2.404,3.134,0.00563,0.00783,0.2214,0.0994,7,0 1 2 7 10 43 44,3,10,8000,8000,
anti,openthread,13391,-0.73,2.404,3.134,0.00563,0.00783,0.2214,0.0994,7,0 1 2 7 10 43 44,3,10,8000,8000,
pro,openthread,13311,4.31,-2.039,-6.348,0.14189,0.00301,0.04341,0.16843,33,0 1 2 6 7 11 12 13 14 15 18 19 22 33 36 37 39 40 41 43 73 86 90 92 94 98 99 103 106 107 110 119 152,10,10,8000,8000,
pro,openthread,13313,5.145,-7.748,-12.892,0.12089,0.00288,0.00044,0.09924,20,0 1 2 6 7 8 9 10 12 15 17 18 19 33 36 37 39 41 42 43,10,10,8000,8000,
pro,openthread,13320,4.31,-2.039,-6.348,0.14189,0.00301,0.04341,0.16843,33,0 1 2 6 7 11 12 13 14 15 18 19 22 33 36 37 39 40 41 43 73 86 90 92 94 98 99 103 106 107 110 119 152,10,10,8000,8000,
pro,openthread,13321,5.593,-2.905,-8.498,0.11978,0.00207,0.02669,0.16843,37,0 1 2 6 7 8 9 10 11 12 13 14 15 17 18 19 22 33 36 37 39 40 41 43 73 86 90 92 94 98 99 103 106 107 110 119 152,10,10,8000,8000,
pro,openthread,13326,6.08,-7.748,-13.827,0.10963,0.00169,0.00044,0.14149,28,0 1 2 6 7 8 9 10 11 12 13 14 15 16 17 18 19 22 33 36 37 39 40 41 94 103 106 119,10,10,8000,8000,
pro,openthread,13333,6.08,-7.748,-13.827,0.10963,0.00169,0.00044,0.14149,28,0 1 2 6 7 8 9 10 11 12 13 14 15 16 17 18 19 22 33 36 37 39 40 41 94 103 106 119,10,10,8000,8000,
pro,openthread,13335,5.333,-2.039,-7.372,0.14428,0.00207,0.04341,0.16843,33,0 1 2 6 7 11 12 13 14 15 18 19 22 33 36 37 39 40 41 43 73 86 90 92 94 98 99 103 106 107 110 119 152,10,10,8000,8000,
pro,openthread,13337,6.551,-2.445,-8.996,0.19534,0.00129,0.03693,0.17179,26,0 1 2 3 6 10 12 13 19 33 36 37 39 73 86 90 92 94 98 99 103 106 107 110 119 152,10,10,8000,8000,
pro,openthread,13380,3.247,0.035,-3.213,0.1044,0.00582,0.38889,0.37749,2,4 40,19,20,7999,7996,
pro,openthread,13389,5.712,-2.878,-8.59,0.20287,0.00254,0.02857,0.15764,28,1 2 6 8 10 11 12 13 14 17 33 36 37 39 42 73 86 90 92 94 98 99 103 106 107 110 119 152,3,10,7999,7997,
pro,openthread,13390,3.424,-0.08,-3.504,0.32185,0.06048,0.50431,0.53077,2,2 25,10,10,7999,7997,
anti,sqlite3,14233,-0.542,2.259,2.801,0.01773,0.03052,0.01007,0.00182,47,6 7 8 9 11 21 27 28 31 33 34 35 38 39 51 81 92 105 106 109 112 115 129 130 141 146 148 154 155 161 162 164 167 172 173 177 179 183 185 186 190 191 194 198 200 201 205,10,10,7867,7888,
anti,sqlite3,14437,0.427,0.284,-0.142,0.00949,0.00587,0.00767,0.00694,39,118 154 160 164 165 197 198 199 200 201 202 203 204 205 206 207 208 209 210 211 212 213 214 215 216 217 218 219 220 221 222 223 224 225 226 227 228 229 230,4,20,1603,1751,
anti,sqlite3,14438,-0.404,0.273,0.676,0.00168,0.00201,0.03765,0.02842,8,132 177 181 195 196 197 198 200,3,20,1231,1353,
anti,sqlite3,14786,-0.491,2.395,2.886,0.00702,0.00659,0.01055,0.00165,19,11 145 154 156 160 167 168 171 172 173 176 183 185 190 196 198 199 200 201,10,10,7446,7599,
anti,sqlite3,15515,0.0,-0.861,-0.861,0.00174,0.00268,0.01669,0.03174,71,93 94 95 96 97 98 100 101 104 105 106 107 108 109 110 112 113 114 115 116 117 119 120 121 122 123 124 125 126 127 128 129 130 131 132 133 135 138 139 140 141 142 143 145 146 149 150 151 152 153 154 155 156 157 160 161 162 164 165 166 168 172 174 175 176 178 179 182 183 184 185,3,10,2534,2688,
pro,sqlite3,14451,,,,,,,,,,22,10,,,no_gate_signature
pro,sqlite3,14563,1.922,-0.047,-1.969,0.01056,0.00305,0.08361,0.09361,2,104 154,15,10,2070,2215,
pro,sqlite3,14791,-11.327,0.483,11.81,0.0,0.00257,0.11486,0.08216,1,165,9,26,740,779,
pro,curl,19,,,,,,,,,,17,20,,,no_gate_signature
pro,curl,21,,,,,,,,,,17,20,,,no_gate_signature
pro,curl,22,,,,,,,,,,17,20,,,no_gate_signature
pro,curl,23,,,,,,,,,,17,20,,,no_gate_signature
pro,curl,37,2.07,-4.344,-6.415,0.19941,0.04748,0.00869,0.17652,1,57,20,20,4373,2317,
pro,curl,42,3.062,-6.127,-9.189,0.41923,0.05018,0.00273,0.19115,1,54,20,20,4389,3029,
pro,curl,58,3.062,-6.127,-9.189,0.41923,0.05018,0.00273,0.19115,1,54,20,20,4389,3029,
pro,curl,62,3.062,-6.127,-9.189,0.41923,0.05018,0.00273,0.19115,1,54,20,20,4389,3029,
pro,curl,73,,,,,,,,,,17,20,,,no_gate_signature
pro,curl,78,3.062,-6.127,-9.189,0.41923,0.05018,0.00273,0.19115,1,54,20,20,4389,3029,
pro,curl,118,,,,,,,,,,20,20,,,no_gate_signature
pro,curl,129,0.0,2.197,2.197,0.00781,0.06047,0.09362,0.0,6,114 122 145 146 147 148,30,30,1161,215,
pro,curl,139,0.183,-1.12,-1.303,0.22263,0.19669,0.00115,0.00577,10,84 96 98 102 104 109 134 135 136 137,20,20,4336,626,
pro,curl,165,0.968,0.0,-0.968,0.26663,0.13189,0.0,0.0,12,114 122 125 128 130 132 133 134 136 138 140 142,30,30,1161,215,
pro,curl,166,0.189,-1.343,-1.531,0.24105,0.23917,0.00646,0.04186,23,94 95 96 97 98 99 101 102 103 104 105 106 107 113 114 115 116 117 118 119 120 121 122,13,20,4334,578,
pro,curl,210,,,,,,,,,,20,20,,,no_gate_signature
pro,curl,212,7.294,1.193,-6.101,0.52248,0.00337,0.13218,0.05997,6,37 38 39 40 41 60,20,20,5139,5361,
pro,curl,266,0.183,-1.12,-1.303,0.22263,0.19669,0.00115,0.00577,10,84 96 98 102 104 109 134 135 136 137,20,20,4336,626,
pro,curl,272,0.183,-1.12,-1.303,0.22263,0.19669,0.00115,0.00577,10,84 96 98 102 104 109 134 135 136 137,20,20,4336,626,
pro,curl,277,0.183,-1.12,-1.303,0.22263,0.19669,0.00115,0.00577,10,84 96 98 102 104 109 134 135 136 137,20,20,4336,626,
pro,curl,279,0.183,-1.12,-1.303,0.22263,0.19669,0.00115,0.00577,10,84 96 98 102 104 109 134 135 136 137,20,20,4336,626,
pro,curl,289,3.422,-4.197,-7.619,0.38471,0.03392,0.00055,0.02103,4,36 50 51 53,5,10,5151,5391,
pro,curl,291,3.422,-4.197,-7.619,0.38471,0.03392,0.00055,0.02103,4,36 50 51 53,5,10,5151,5391,
pro,curl,297,2.07,-4.344,-6.415,0.19941,0.04748,0.00869,0.17652,1,57,10,10,4373,2317,
pro,curl,298,,,,,,,,,,17,20,,,no_gate_signature
pro,curl,301,-2.745,-2.667,0.078,0.01199,0.0726,0.00323,0.06546,5,54 78 79 80 81,4,20,4389,3029,
pro,curl,303,-2.745,-2.667,0.078,0.01199,0.0726,0.00323,0.06546,5,54 78 79 80 81,4,20,4389,3029,
pro,curl,308,-2.745,-2.667,0.078,0.01199,0.0726,0.00323,0.06546,5,54 78 79 80 81,4,20,4389,3029,
pro,curl,322,,,,,,,,,,17,20,,,no_gate_signature
pro,curl,399,2.495,0.235,-2.26,0.11587,0.02055,0.00161,0.00137,1,80,20,20,4341,730,
pro,curl,405,3.851,-4.199,-8.05,0.34607,0.02512,0.00397,0.08491,8,42 43 44 45 47 48 49 50,10,10,5050,5310,
pro,curl,415,,,,,,,,,,16,20,,,no_gate_signature
pro,curl,416,,,,,,,,,,16,20,,,no_gate_signature
pro,curl,422,,,,,,,,,,20,20,,,no_gate_signature
pro,curl,426,,,,,,,,,,20,20,,,no_gate_signature
pro,curl,430,,,,,,,,,,20,20,,,no_gate_signature
pro,curl,441,,,,,,,,,,20,20,,,no_gate_signature
pro,curl,442,,,,,,,,,,16,20,,,no_gate_signature
pro,curl,459,,,,,,,,,,6,20,,,no_gate_signature
pro,curl,468,2.954,-3.363,-6.317,0.34893,0.04448,0.06274,0.18857,2,14 54,9,10,8000,7995,
pro,curl,470,,,,,,,,,,20,20,,,no_gate_signature
pro,curl,505,-2.374,0.0,2.374,0.00276,0.01432,0.0,0.0,1,76,6,10,4344,768,
pro,curl,567,0.069,0.56,0.491,0.01265,0.01703,0.19938,0.12071,16,8 52 53 55 56 58 64 74 75 76 77 78 79 80 82 114,4,7,8000,7996,
